name,repo_url,repo_canonical,accepted_date,accepted_year,raw_tags,source_record_url
solar-wavelength-calibration,https://bitbucket.org/dkistdc/solar-wavelength-calibration,bitbucket.org/dkistdc/solar-wavelength-calibration,2026-07-21,2026,data-processing-munging;Library for computing absolute wavelength calibration of Solar spectra.,https://github.com/pyOpenSci/software-submission/issues/283
pyhctsa,https://github.com/DynamicsAndNeuralSystems/pyhctsa,github.com/dynamicsandneuralsystems/pyhctsa,2026-07-09,2026,data-extraction;workflow-automation;scientific-software-wrapper;Python package for highly comparative time-series analysis,https://github.com/pyOpenSci/software-submission/issues/282
nsEVDx,https://github.com/Nischalcs50/nsEVDx,github.com/nischalcs50/nsevdx,2026-7-3,2026,data-processing-munging;scientific-software-wrapper;This package implements both bayesian sampling techniques and frequentist methods to estimate the parameters of non-stationary extreme value distributions,https://github.com/pyOpenSci/software-submission/issues/265
lintquarto,https://github.com/lintquarto/lintquarto,github.com/lintquarto/lintquarto,2026-06-09,2026,"data-validation-testing;Package for running linters, static type checkers and code analysis tools on python code in quarto (.qmd) files.",https://github.com/pyOpenSci/software-submission/issues/257
ChemInformant,https://github.com/HzaCode/ChemInformant,github.com/hzacode/cheminformant,2025-09-29,2025,"data-retrieval;data-extraction;data-processing-munging;data-validation-testing;workflow-automation;scientific-software-wrapper;database-interoperability;A robust, high-throughput Python client for retrieving chemical information from the PubChem API; it returns analysis-ready Pandas/SQL outputs, handles caching, rate-limiting and retries, and includes convenient CLI tools.",https://github.com/pyOpenSci/software-submission/issues/254
astropy,https://github.com/astropy/astropy,github.com/astropy/astropy,2025-12-17,2025,data-retrieval;data-extraction;data-processing-munging;data-visualization;scientific-software-wrapper;A Community Python Library for Astronomy,https://github.com/pyOpenSci/software-submission/issues/251
Pyinterpolate,https://github.com/DataverseLabs/pyinterpolate,github.com/dataverselabs/pyinterpolate,2025-12-3,2025,data-processing-munging;Spatial interpolation: Kriging and Variogram Analysis toolset,https://github.com/pyOpenSci/software-submission/issues/250
MILESpy,https://github.com/miles-iac/milespy,github.com/miles-iac/milespy,2026-07-21,2026,data-retrieval;data-processing-munging;Python wrapper for the MILES stellar library and Single Stellar Population models,https://github.com/pyOpenSci/software-submission/issues/247
swiftgalaxy,https://github.com/SWIFTSIM/swiftgalaxy,github.com/swiftsim/swiftgalaxy,2025-10-17,2025,"data-extraction;data-processing-munging;Load in particles of a simulated galaxy, rotate coordinates, easy spherical/cylindrical coordinates, access integrated properties, and more.",https://github.com/pyOpenSci/software-submission/issues/244
PyAutoGalaxy,https://github.com/Jammy2211/PyAutoGalaxy,github.com/jammy2211/pyautogalaxy,2026-05-04,2026,data-processing-munging;scientific-software-wrapper;Astronomy software for analysing the morphologies and structures of galaxies,https://github.com/pyOpenSci/software-submission/issues/235
C4dynamics,https://github.com/C4dynamics/C4dynamics,github.com/c4dynamics/c4dynamics,2026-05-19,2026,data-processing-munging;Python framework for algorithms of dynamic systems,https://github.com/pyOpenSci/software-submission/issues/234
pymultifit,https://github.com/syedalimohsinbukhari/pyMultiFit,github.com/syedalimohsinbukhari/pymultifit,2025-10-05,2025,data-processing-munging;A python library for fitting data with multiple models.,https://github.com/pyOpenSci/software-submission/issues/233
BlockingPy,https://github.com/ncn-foreigners/BlockingPy,github.com/ncn-foreigners/blockingpy,2025-10-01,2025,data-processing-munging;Blocking records for record linkage and deduplication with Approximate Nearest Neighbor algorithms.;,https://github.com/pyOpenSci/software-submission/issues/232
PIVA,https://github.com/pudeIko/piva,github.com/pudeiko/piva,2025-08-04,2025,data-extraction;data-visualization;Visualization and analysis toolkit for experimental data from Angle-Resolved Photoemission Spectroscopy (ARPES),https://github.com/pyOpenSci/software-submission/issues/231
GREOPy,https://codeberg.org/JPHackstein/GREOPy,codeberg.org/jphackstein/greopy,2025-08-04,2025,data-processing-munging;Calculate relativistic light rays sent by an emitter to a receiver in the presence of a gravitational field.,https://github.com/pyOpenSci/software-submission/issues/227
tda-mapper,https://github.com/lucasimi/tda-mapper-python,github.com/lucasimi/tda-mapper-python,2026-05-21,2026,data-processing-munging;data-visualization;A Python library implementing the Mapper algorithm for Topological Data Analysis.,https://github.com/pyOpenSci/software-submission/issues/222
GALFITools,https://github.com/canorve/GALFITools,github.com/canorve/galfitools,2025-10-30,2025,data-extraction;data-processing-munging;data-visualization;A library for efficient data processing customized for the GALFIT package,https://github.com/pyOpenSci/software-submission/issues/220
GALAssify,https://gitlab.com/astrogal/GALAssify/,gitlab.com/astrogal/galassify,2025-11-16,2025,data-validation-testing;data-visualization;A Python package for visually classifying astronomical objects,https://github.com/pyOpenSci/software-submission/issues/214
neonutilities,https://github.com/NEONScience/NEON-utilities-python,github.com/neonscience/neon-utilities-python,2025-05- 1,2025,data-retrieval;data-processing-munging;neonutilities is a package for accessing and wrangling data generated and published by the National Ecological Observatory Network.,https://github.com/pyOpenSci/software-submission/issues/213
FElupe,https://github.com/adtzlr/felupe,github.com/adtzlr/felupe,2025-9-18,2025,data-retrieval;data-extraction;data-processing-munging;data-visualization;Finite element analysis for continuum mechanics of solid bodies.,https://github.com/pyOpenSci/software-submission/issues/212
Solar Data Tools,https://github.com/slacgismo/solar-data-tools,github.com/slacgismo/solar-data-tools,2025-06-13,2025,data-retrieval;data-extraction;data-processing-munging;data-visualization;Library of tools for analyzing photovoltaic power time-series data.,https://github.com/pyOpenSci/software-submission/issues/210
THzTools,https://github.com/dodge-research-group/thztools,github.com/dodge-research-group/thztools,2024-11-22,2024,data-processing-munging;Data analysis software tools for terahertz time-domain spectroscopy (THz-TDS),https://github.com/pyOpenSci/software-submission/issues/209
MontePy,https://github.com/idaholab/MontePy,github.com/idaholab/montepy,2025-03-19,2025,"workflow-automation;scientific-software-wrapper;MontePy is a python library for reading, editing, and writing MCNP input files.",https://github.com/pyOpenSci/software-submission/issues/205
Great Tables,https://github.com/posit-dev/great-tables,github.com/posit-dev/great-tables,2025-01-03,2025,data-visualization;Make awesome display tables using Python.,https://github.com/pyOpenSci/software-submission/issues/202
Stingray,https://github.com/stingraysoftware/stingray,github.com/stingraysoftware/stingray,2024-10-01,2024,data-processing-munging;data-validation-testing;A spectral-timing software package for astrophysical X-ray (and other) data,https://github.com/pyOpenSci/software-submission/issues/201
Fluidimage,https://foss.heptapod.net/fluiddyn/fluidimage,foss.heptapod.net/fluiddyn/fluidimage,2025-12-17,2025,"data-processing-munging;data-visualization;""Fluidimage: a Python framework to study flows from images""",https://github.com/pyOpenSci/software-submission/issues/194
astrodata,https://github.com/GeminiDRSoftware/astrodata,github.com/geminidrsoftware/astrodata,2025-02-04,2025,data-extraction;data-processing-munging;Common interface for astronomical data products.,https://github.com/pyOpenSci/software-submission/issues/181
QuadratiK,https://github.com/rmj3197/QuadratiK,github.com/rmj3197/quadratik,2024-12-03,2024,"data-processing-munging;QuadratiK includes test for multivariate normality, test for uniformity on the sphere, non-parametric two- and k-sample tests, random generation of points from the Poisson kernel-based density and clustering algorithm for spherical data.",https://github.com/pyOpenSci/software-submission/issues/180
PyPartMC,https://github.com/open-atmos/PyPartMC/,github.com/open-atmos/pypartmc,2025-02-12,2025,scientific-software-wrapper;Python interface to PartMC aerosol-dynamics Monte-Carlo simulation package,https://github.com/pyOpenSci/software-submission/issues/179
CyNetDiff,https://github.com/eliotwrobson/CyNetDiff,github.com/eliotwrobson/cynetdiff,2025-08-22,2025,"data-processing-munging;A performance-focused library implementing algorithms for simulating network diffusion processes, written in Cython.",https://github.com/pyOpenSci/software-submission/issues/175
AMS,https://github.com/CURENT/ams,github.com/curent/ams,2025-09-07,2025,data-processing-munging;Power system dispatch modeling and dispatch-dynamic co-simulation.,https://github.com/pyOpenSci/software-submission/issues/174
pooltool,https://github.com/ekiefl/pooltool,github.com/ekiefl/pooltool,2024-09-16,2024,data-processing-munging;data-visualization;Pooltool is a general purpose billiards simulator crafted specifically for science and engineering.,https://github.com/pyOpenSci/software-submission/issues/173
martini,https://github.com/kyleaoman/martini,github.com/kyleaoman/martini,2024-06-03,2024,data-processing-munging;MARTINI is a modular package for the creation of synthetic resolved HI line observations (data cubes) of smoothed-particle hydrodynamics simulations of galaxies.,https://github.com/pyOpenSci/software-submission/issues/164
ZodiPy,https://github.com/Cosmoglobe/zodipy,github.com/cosmoglobe/zodipy,2024-04-21,2024,scientific-software-wrapper;Zodiacal emission simulations in timestreams or HEALPix for solar system observers.,https://github.com/pyOpenSci/software-submission/issues/161
plot_phylo,https://github.com/KatyBrown/plot_phylo,github.com/katybrown/plot_phylo,2025-01-21,2025,data-visualization;workflow-automation;A Python package to plot a phylogenetic tree on an existing Matplotlib axis.,https://github.com/pyOpenSci/software-submission/issues/160
PetroFit,https://github.com/PetroFit/petrofit,github.com/petrofit/petrofit,2025-02-28,2025,"data-processing-munging;The PetroFit Project is an open-source effort to develop end-to-end tools for making accurate photometric measurements, estimating morphological properties, and fitting 2D models to galaxy images.",https://github.com/pyOpenSci/software-submission/issues/159
harmonize-wq,https://github.com/USEPA/harmonize-wq,github.com/usepa/harmonize-wq,2024-08-10,2024,"data-processing-munging;Standardize, clean, and wrangle Water Quality Portal data into more analytic-ready formats",https://github.com/pyOpenSci/software-submission/issues/157
xnemogcm,https://github.com/rcaneill/xnemogcm/,github.com/rcaneill/xnemogcm,2024-04-02,2024,data-processing-munging;Interface to open NEMO global circulation model output dataset with xarray and create a xgcm grid.,https://github.com/pyOpenSci/software-submission/issues/155
automata,https://github.com/caleb531/automata,github.com/caleb531/automata,2024-06-29,2024,"data-processing-munging;data-visualization;A Python library for simulating finite automata, pushdown automata, and Turing machines.",https://github.com/pyOpenSci/software-submission/issues/152
Plenoptic,https://github.com/plenoptic-org/plenoptic,github.com/plenoptic-org/plenoptic,2026-03-11,2026,a python library for model-based synthesis of perceptual stimuli,https://github.com/pyOpenSci/software-submission/issues/150
SLEPLET,https://github.com/astro-informatics/sleplet,github.com/astro-informatics/sleplet,2024-05-21,2024,data-processing-munging;data-visualization;Slepian Scale-Discretised Wavelets in Python,https://github.com/pyOpenSci/software-submission/issues/149
sunpy,https://github.com/sunpy/sunpy,github.com/sunpy/sunpy,2024-01-18,2024,data-retrieval;data-extraction;data-processing-munging;data-visualization;Python for Solar Physics,https://github.com/pyOpenSci/software-submission/issues/147
ncompare,https://github.com/nasa/ncompare,github.com/nasa/ncompare,2024-02-06,2024,"data-validation-testing;`ncompare` compares two netCDF files at the command line, by generating a report of the matching and non-matching groups, variables, and attributes.",https://github.com/pyOpenSci/software-submission/issues/146
rdata,https://github.com/vnmabus/rdata,github.com/vnmabus/rdata,2024-2-29,2024,data-processing-munging;Read R datasets from Python.,https://github.com/pyOpenSci/software-submission/issues/144
EOmaps,https://github.com/raphaelquast/EOmaps,github.com/raphaelquast/eomaps,2024-03-14,2024,"data-visualization;EOmaps is a python package to visualize, analyze and compare geographical datasets.",https://github.com/pyOpenSci/software-submission/issues/138
sourmash,https://github.com/sourmash-bio/sourmash,github.com/sourmash-bio/sourmash,2024-4-4,2024,"data-processing-munging;`sourmash` is a command line tool and Python library for sketching collections of DNA, RNA, and amino acid k-mers for biological sequence search, comparison, and analysis.",https://github.com/pyOpenSci/software-submission/issues/129
Sciform,https://github.com/jagerber48/sciform,github.com/jagerber48/sciform,2024-02-07,2024,"data-visualization;A package for converting python numbers (floats, Decimals) into scientific-formatted strings more suitable for reading and presentation.",https://github.com/pyOpenSci/software-submission/issues/121
astartes,https://github.com/JacksonBurns/astartes,github.com/jacksonburns/astartes,2023-10-15,2023,data-processing-munging;Better Data Splits for Machine Learning,https://github.com/pyOpenSci/software-submission/issues/120
XGI,https://github.com/xgi-org/xgi,github.com/xgi-org/xgi,2023-09-23,2023,data-retrieval;data-processing-munging;data-visualization;XGI is a Python package for higher-order networks.,https://github.com/pyOpenSci/software-submission/issues/115
biocypher,https://github.com/biocypher/biocypher,github.com/biocypher/biocypher,2023-11-14,2023,data-retrieval;data-extraction;data-processing-munging;data-deposition;data-validation-testing;workflow-automation;database-interoperability;framework for creating biomedical knowledge graphs,https://github.com/pyOpenSci/software-submission/issues/110
cardsort,https://github.com/katoss/cardsort,github.com/katoss/cardsort,2023-08-16,2023,data-extraction;data-processing-munging;data-visualization;A python package to analyse data from open card sorting tasks,https://github.com/pyOpenSci/software-submission/issues/102
afscgap,https://github.com/SchmidtDSE/afscgap,github.com/schmidtdse/afscgap,2023-05-30,2023,data-retrieval;data-processing-munging;data-visualization;Community contributed Python-based tools for working with public bottom trawl surveys data from the NOAA Alaska Fisheries Science Center Groundfish Assessment Program ([NOAA AFSC GAP](https://www.fisheries.noaa.gov/contact/groundfish-assessment-program)).,https://github.com/pyOpenSci/software-submission/issues/93
taxpasta,https://github.com/taxprofiler/taxpasta,github.com/taxprofiler/taxpasta,2023-07-05,2023,data-processing-munging;TAXonomic Profile Aggregation and STAndardisation,https://github.com/pyOpenSci/software-submission/issues/84
bibat,https://github.com/teddygroves/bibat/,github.com/teddygroves/bibat,2023-07-05,2023,workflow-automation;An interactive template for Bayesian statistical analysis projects,https://github.com/pyOpenSci/software-submission/issues/83
Python-graphblas,https://github.com/python-graphblas/python-graphblas,github.com/python-graphblas/python-graphblas,2023-07-14,2023,data-munging;scientific-software-wrapper;Python library for GraphBLAS: high-performance sparse linear algebra for scalable graph analytics,https://github.com/pyOpenSci/software-submission/issues/81
xclim,https://github.com/Ouranosinc/xclim,github.com/ouranosinc/xclim,2023-04-11,2023,data-munging;reproducibility;geospatial;Climate indices computation package based on Xarray,https://github.com/pyOpenSci/software-submission/issues/73
crowsetta,https://github.com/vocalpy/crowsetta,github.com/vocalpy/crowsetta,2023-03-28,2023,data-extraction;data-munging;reproducibility;A Python tool to work with any format for annotating animal vocalizations and bioacoustics data.,https://github.com/pyOpenSci/software-submission/issues/68
Pynteny,https://github.com/Robaina/Pynteny,github.com/robaina/pynteny,2023-03-10,2023,data-retrieval;data-extraction;education;Query sequence database by HMMs arranged in predefined synteny structure,https://github.com/pyOpenSci/software-submission/issues/67
Jointly,https://github.com/hpi-dhc/jointly,github.com/hpi-dhc/jointly,2021-12-29,2021,data-munging;Jointly is a python package for synchronizing sensors with accelerometer data,https://github.com/pyOpenSci/software-submission/issues/45
PyGMT,https://github.com/GenericMappingTools/pygmt,github.com/genericmappingtools/pygmt,2022-9-1,2022,data-munging;data-visualization;geospatial;A Python interface for the Generic Mapping Tools,https://github.com/pyOpenSci/software-submission/issues/43
Devicely,https://github.com/hpi-dhc/devicely,github.com/hpi-dhc/devicely,2021-08-19,2021,"data-munging;A Python package for reading, timeshifting and writing sensor data",https://github.com/pyOpenSci/software-submission/issues/37
openomics,https://github.com/JonnyTran/OpenOmics,github.com/jonnytran/openomics,2021-04-17,2021,"data-retrieval;data-extraction;data-munging;reproducibility;Library for integration of multi-omics, annotation, and interaction data",https://github.com/pyOpenSci/software-submission/issues/31
Physcraper,https://github.com/McTavishLab/physcraper,github.com/mctavishlab/physcraper,2021-09-14,2021,data-retrieval;data-munging;Automated phylogenetic updating,https://github.com/pyOpenSci/software-submission/issues/26
pystiche,https://github.com/pystiche/pystiche,github.com/pystiche/pystiche,2020-10-08,2020,reproducibility;Framework for Neural Style Transfer (NST) built upon PyTorch,https://github.com/pyOpenSci/software-submission/issues/25
phenopype,https://github.com/phenopype/phenopype,github.com/phenopype/phenopype,2021-05-13,2021,data-extraction;reproducibility;a phenotyping pipeline for Python,https://github.com/pyOpenSci/software-submission/issues/24
pyrolite,https://github.com/morganjwilliams/pyrolite,github.com/morganjwilliams/pyrolite,2020-06-04,2020,data-munging;reproducibility;education;data-visualization*;A set of tools for getting the most from your geochemical data.,https://github.com/pyOpenSci/software-submission/issues/20
MovingPandas,https://github.com/movingpandas/movingpandas,github.com/movingpandas/movingpandas,2020-03-19,2020,geospatial;data-visualization*;Trajectory classes and functions built on top of GeoPandas,https://github.com/pyOpenSci/software-submission/issues/18
pandera,https://github.com/unionai-oss/pandera,github.com/unionai-oss/pandera,2019-10-10,2019,"data-munging;reproducibility;validate the types, properties, and statistics of pandas data structures",https://github.com/pyOpenSci/software-submission/issues/12
Nbless,https://github.com/py4ds/nbless,github.com/py4ds/nbless,2019-06-17,2019,"reproducibility;education;Construct, deconstruct, convert, execute, & prepare slides from Jupyter notebooks",https://github.com/pyOpenSci/software-submission/issues/7
earthpy,https://github.com/earthlab/earthpy,github.com/earthlab/earthpy,2019-11-06,2019,geospatial;A package built to support working with spatial data using open source python,https://github.com/pyOpenSci/software-submission/issues/3
